# Time (s),Altitude AGL (m),Speed - Velocity Magnitude (m/s),acceleration Magnitude (m/s²),Pressure (Pa)
0.000000,0.000000,0.000000,0.000000,100000.000000
0.002467,0.000000,0.000000,-0.000000,100000.000000
0.004935,0.000000,0.000000,0.000000,100000.000000
0.009870,-0.000000,-0.000000,-0.000000,100000.000000
0.014805,0.000010,0.004178,1.693426,100000.000000
0.019740,0.000057,0.014812,2.616030,100000.000000
0.023515,0.000131,0.024689,2.616548,100000.000000
0.024213,0.000150,0.027003,3.317007,100000.000000
0.024910,0.000171,0.030920,5.613657,100000.000000
0.026013,0.000210,0.039112,9.243875,100000.000000
0.027116,0.000259,0.051307,12.874394,100000.000000
0.028219,0.000324,0.067505,16.505125,100000.000000
0.030424,0.000521,0.111914,23.767200,100000.000000
0.032629,0.000830,0.170056,28.958469,100000.000000
0.034835,0.001273,0.233925,28.961442,100000.000000
0.039246,0.002860,0.361696,28.967386,100000.000000
0.041099,0.003628,0.416386,29.507247,100000.000000
0.042953,0.004499,0.472761,30.415981,100000.000000
0.046400,0.006305,0.580528,32.106668,100000.000000
0.049847,0.008487,0.692568,32.894625,100000.000000
0.053295,0.011056,0.805975,32.900249,100000.000000
0.060095,0.017265,1.030620,32.911338,100000.000000
0.066896,0.024998,1.256610,33.675397,100000.000000
0.073697,0.034280,1.489116,34.754421,100000.000000
0.080497,0.045151,1.726424,34.875770,100000.000000
0.087298,0.057634,1.965051,35.362827,100000.000000
0.094099,0.071738,2.205853,35.375158,100000.000000
0.100899,0.087471,2.446757,35.488921,100000.000000
0.114489,0.123792,2.928022,35.339709,100000.000000
0.128078,0.166598,3.406592,35.092302,100000.000000
0.141668,0.215835,3.879548,34.513502,100000.000000
0.157806,0.282549,4.431476,33.851005,100000.000000
0.173945,0.358056,4.976267,33.758968,100000.000000
0.190083,0.442296,5.520903,33.750504,100000.000000
0.206222,0.535278,6.065711,33.771448,100000.000000
0.236521,0.733536,7.092955,34.034549,100000.000000
0.266820,0.962813,8.124424,34.050390,100000.000000
0.289942,1.158742,8.916575,34.469862,100000.000000
0.313064,1.372972,9.716228,34.699287,100000.000000
0.336185,1.605650,10.520979,34.910857,100000.000000
0.382429,2.126823,12.143680,35.270129,100000.000000
0.409257,2.463534,13.096137,35.734907,100000.000000
0.436085,2.825864,14.064154,36.430123,100000.000000
0.458104,3.142663,14.868464,36.623727,100000.000000
0.480124,3.477131,15.677978,36.902735,100000.000000
0.502143,3.829440,16.497777,37.557955,100000.000000
0.524163,4.199798,17.326390,37.703199,100000.000000
0.527074,4.250122,17.437046,38.319762,100000.000000
0.529985,4.300768,17.549498,38.936546,100000.000000
0.532897,4.351741,17.662860,38.945357,100000.000000
0.538642,4.453947,17.886688,38.956699,100000.000000
0.544388,4.557433,18.110581,38.968038,100000.000000
0.550287,4.664369,18.340076,38.829516,100000.000000
0.556187,4.772650,18.568813,38.711009,100000.000000
0.562087,4.882273,18.797220,38.717546,100000.000000
0.573887,5.105523,19.251546,38.289603,100000.000000
0.585686,5.334085,19.702487,38.143606,100000.000000
0.597486,5.567934,20.152658,38.159066,100000.000000
0.615797,5.941281,20.850734,38.088304,100000.000000
0.634108,6.327346,21.549433,38.227013,100000.000000
0.652418,6.726168,22.251798,38.488722,100000.000000
0.679308,7.335052,23.285823,38.421012,100000.000000
0.706197,7.971618,24.322160,38.660674,100000.000000
0.727940,8.506742,25.170731,39.392523,100000.000000
0.744363,8.923127,25.817880,39.420492,100000.000000
0.760785,9.350079,26.464918,39.378914,100000.000000
0.777208,9.787615,27.113840,39.650017,100000.000000
0.795560,10.289142,27.842500,39.757696,100000.000000
0.813912,10.803994,28.573917,39.950422,100000.000000
0.832265,11.332228,29.308975,40.154564,100000.000000
0.852632,11.934274,30.129523,40.465658,100000.000000
0.856665,12.055764,30.292682,40.475948,100000.000000
0.860698,12.177907,30.455874,40.483994,100000.000000
0.867861,12.395903,30.746697,40.746963,100000.000000
0.875024,12.615972,31.039407,41.009953,100000.000000
0.882188,12.838123,31.333114,41.024493,100000.000000
0.893600,13.196357,31.800598,40.931109,100000.000000
0.905013,13.559877,32.267321,40.890174,100000.000000
0.916425,13.928674,32.733353,40.808981,100000.000000
0.945028,14.876130,33.900234,40.810023,100000.000000
0.964575,15.542702,34.703847,41.439214,100000.000000
0.984122,16.224936,35.516461,41.728568,100000.000000
1.003668,16.922967,36.333708,41.911180,100000.000000
1.025528,17.722469,37.256824,42.563621,100000.000000
1.047388,18.542118,38.192255,43.035413,100000.000000
1.063575,19.162117,38.886308,42.735061,100000.000000
1.079761,19.793240,39.577757,42.712202,100000.000000
1.095948,20.435488,40.271918,43.068577,100000.000000
1.114247,21.174985,41.056657,42.603776,100000.000000
1.132546,21.928702,41.837083,42.812316,100000.000000
1.150845,22.696679,42.629907,44.009817,100000.000000
1.164720,23.288671,43.242678,44.183406,100000.000000
1.178595,23.889093,43.851695,43.455461,100000.000000
1.190072,24.392042,44.350006,43.504993,100000.000000
1.201549,24.900679,44.851574,43.972873,100000.000000
1.213026,25.415056,45.357393,44.122495,100000.000000
1.224503,25.935223,45.867571,44.887857,100000.000000
1.235979,26.461218,46.379608,44.081786,100000.000000
1.245380,26.896400,46.793396,44.081008,100000.000000
1.254781,27.335443,47.207520,44.012682,100000.000000
1.264182,27.778364,47.624117,44.753229,100000.000000
1.273583,28.225202,48.046915,45.137931,100000.000000
1.284840,28.765492,48.555620,45.242741,100000.000000
1.296097,29.311486,49.066434,45.512997,100000.000000
1.305209,29.757598,49.477681,44.757207,100000.000000
1.314321,30.207413,49.884306,44.498909,100000.000000
1.321819,30.580341,50.221831,45.534861,100000.000000
1.329317,30.955801,50.563835,45.694135,100000.000000
1.336815,31.333825,50.909327,46.466382,100000.000000
1.345571,31.778535,51.317375,46.747371,100000.000000
1.354327,32.226805,51.726718,46.763243,100000.000000
1.363083,32.678639,52.135914,46.714684,100000.000000
1.383663,33.754726,53.100670,47.052652,100000.000000
1.404243,34.850628,54.071118,47.271339,100000.000000
1.424823,35.966433,55.044000,47.293075,100000.000000
1.454154,37.591157,56.432632,47.396584,100000.000000
1.483486,39.256507,57.825432,47.627173,100000.000000
1.512817,40.962548,59.216692,47.162464,100000.000000
1.516767,41.195432,59.403293,47.352423,100000.000000
1.520718,41.429052,59.590656,47.549561,100000.000000
1.524668,41.663411,59.778423,47.558664,100000.000000
1.532569,42.134351,60.155078,47.835140,100000.000000
1.540470,42.608265,60.533604,48.035418,100000.000000
1.548371,43.085163,60.912983,48.053938,100000.000000
1.562004,43.915069,61.563181,47.387613,100000.000000
1.575638,44.753787,62.209519,47.492166,100000.000000
1.586122,45.404786,62.709986,48.043017,100000.000000
1.596607,46.061070,63.220515,49.417490,100000.000000
1.607091,46.722739,63.739513,49.664095,100000.000000
1.617576,47.389844,64.259917,49.689919,100000.000000
1.628060,48.062377,64.777193,49.070680,100000.000000
1.638545,48.740296,65.289461,48.737576,100000.000000
1.652718,49.665269,65.981189,48.963531,100000.000000
1.666892,50.600088,66.681519,49.958249,100000.000000
1.677932,51.335141,67.231919,49.855205,100000.000000
1.688973,52.076257,67.781781,49.864973,100000.000000
1.700013,52.823430,68.330909,49.725875,100000.000000
1.714515,53.814065,69.053387,50.033490,100000.000000
1.729017,54.815206,69.781711,50.538095,100000.000000
1.743518,55.826941,70.516316,50.905600,100000.000000
1.766020,57.417959,71.661447,51.011618,100000.000000
1.783857,58.697368,72.565171,50.463247,100000.000000
1.798179,59.736257,73.287028,50.490079,100000.000000
1.812500,60.785499,74.012370,50.953749,100000.000000
1.826822,61.845179,74.745819,51.626603,100000.000000
1.838208,62.695213,75.333004,51.666535,100000.000000
1.849595,63.551896,75.914557,50.637484,100000.000000
1.860981,64.415165,76.490627,50.703180,100000.000000
1.872368,65.285001,77.068984,51.040932,100000.000000
1.883754,66.161443,77.651701,51.470517,100000.000000
1.895141,67.044540,78.238671,51.789219,100000.000000
1.915750,68.659991,79.311160,52.451814,100000.000000
1.930742,69.849018,80.094418,52.202116,100000.000000
1.945734,71.049779,80.877806,52.467429,100000.000000
1.960725,72.262299,81.664248,52.607826,100000.000000
1.984543,74.212967,82.924485,53.373448,99983.351833
2.001031,75.581025,83.801952,53.210422,99968.263633
2.017520,76.963549,84.680954,53.554458,99953.015877
2.034009,78.360580,85.563379,53.620168,99937.608127
2.053462,80.027561,86.609170,54.029835,99919.223114
2.066637,81.168087,87.318554,53.782464,99906.644345
2.079812,82.317907,88.021944,53.113007,99893.963069
2.092988,83.476961,88.722353,53.323657,99881.179947
2.106163,84.645253,89.426406,53.660444,99868.294939
2.119338,85.822851,90.137286,54.354612,99855.307298
2.130298,86.809621,90.730790,54.043302,99844.424286
2.141258,87.802869,91.321468,53.833214,99833.469832
2.152219,88.802563,91.909380,53.532879,99822.444280
2.173827,90.792194,93.061787,53.209894,99800.500788
2.195435,92.806643,94.211533,53.276386,99778.283591
2.209509,94.132129,94.966288,54.035876,99763.664902
2.223583,95.468278,95.730651,54.636542,99748.928613
2.237658,96.815186,96.499230,54.629424,99734.073669
2.251732,98.172876,97.267195,54.543847,99719.099810
2.265806,99.541329,98.033388,54.372459,99704.007237
2.279881,100.920515,98.797038,54.177585,99688.796302
2.303427,103.251802,100.071404,54.136286,99663.084716
2.326973,105.612949,101.343053,53.859875,99637.043807
2.346566,107.600404,102.402718,54.469646,99615.124309
2.366159,109.608662,103.477164,55.252304,99592.975391
2.385752,111.637993,104.562236,55.421307,99570.594052
2.405344,113.688491,105.645227,55.050854,99547.979264
2.428600,116.149712,106.923360,54.920278,99520.834638
2.451857,118.640473,108.198564,54.751026,99493.364225
2.475113,121.160694,109.469349,54.540469,99465.568899
2.498369,123.710327,110.742275,55.065992,99437.449181
2.516884,125.761332,111.758940,54.610095,99414.828804
2.530613,127.294102,112.512234,55.344289,99397.924006
2.544341,128.837214,113.276048,55.924282,99380.905131
2.558069,130.390778,114.041863,55.494207,99363.770995
2.571797,131.954773,114.803276,55.530048,99346.521810
2.585525,133.529154,115.564146,55.292907,99329.158084
2.599253,135.113913,116.323891,55.483969,99311.679893
2.612981,136.709057,117.086297,55.597145,99294.087177
2.632283,138.969455,118.156593,55.325670,99269.157410
2.651585,141.250309,119.218011,54.678609,99244.002050
2.666204,142.991347,120.018796,54.899142,99224.800268
2.680824,144.744059,120.824276,55.322002,99205.469737
2.695443,146.508515,121.634647,55.569448,99186.009686
2.716652,149.089369,122.818253,56.072518,99157.545641
2.730422,150.778358,123.589236,55.939404,99138.917918
2.744192,152.477859,124.353785,55.139535,99120.174241
2.757962,154.187782,125.111144,54.897109,99101.315634
2.771732,155.908068,125.867238,54.958129,99082.342729
2.785502,157.638726,126.625664,55.238183,99063.255436
2.799272,159.379796,127.387582,55.468287,99044.053307
2.817884,161.749758,128.418509,55.355925,99017.915168
2.836497,164.138771,129.445068,55.003459,98991.566923
2.855110,166.546729,130.464284,54.571855,98965.009744
2.878189,169.558822,131.722809,54.638593,98931.789593
2.901269,172.599874,132.988524,55.193843,98898.250059
2.920167,175.111544,134.029749,54.959849,98870.549035
2.939064,177.642743,135.062215,54.327131,98842.632639
2.957962,180.193285,136.085789,54.170468,98814.502905
2.976859,182.763078,137.109919,54.372058,98786.160845
3.006343,186.811036,138.720941,55.110972,98741.516224
3.029366,190.005141,139.990696,55.210177,98706.288687
3.052390,193.228395,141.261619,55.303069,98670.739656
3.075413,196.480798,142.532528,55.175446,98634.869150
3.098437,199.762259,143.794285,54.444274,98598.678162
3.103146,200.436919,144.050318,54.454651,98591.237390
3.107854,201.112779,144.306482,54.465008,98583.783377
3.112563,201.789841,144.562745,54.500234,98576.316111
3.117272,202.468106,144.819274,54.581629,98568.835585
3.126689,203.828246,145.333073,54.621503,98553.834697
3.136106,205.193210,145.847746,54.849363,98538.780612
3.145523,206.563009,146.364361,54.922753,98523.673202
3.154941,207.937658,146.881557,55.052409,98508.512303
3.164358,209.317155,147.398087,54.603125,98493.297934
3.175384,210.938366,147.998165,54.492484,98475.417723
3.186409,212.566153,148.597484,54.267048,98457.464982
3.197434,214.200509,149.194069,54.066555,98439.439794
3.208460,215.841413,149.791611,54.604761,98421.342390
3.219485,217.488910,150.396763,55.220081,98403.172271
3.230511,219.143083,151.007142,55.503305,98384.928514
3.241536,220.803966,151.618641,55.454852,98366.610760
3.252562,222.471555,152.229101,55.390762,98348.219048
3.268119,224.835897,153.086117,54.698893,98322.142902
3.283676,227.213426,153.931382,54.241115,98295.921312
3.299233,229.603989,154.773856,54.193021,98269.555977
3.314790,232.007602,155.616951,54.226184,98243.046706
3.330347,234.424277,156.462313,54.646041,98216.393386
3.345904,236.854071,157.314144,54.776255,98189.595361
3.361461,239.297053,158.163810,54.463805,98162.651903
3.377018,241.753132,159.008759,54.358636,98135.563992
3.392575,244.222289,159.857656,55.004941,98108.331848
3.396092,244.782248,160.051038,55.004789,98102.156103
3.399608,245.342882,160.244125,54.850543,98095.972906
3.403125,245.904191,160.436570,54.659482,98089.782277
3.406641,246.466171,160.628623,54.666969,98083.584238
3.413674,247.592145,161.012484,54.556500,98071.165963
3.420707,248.720794,161.394434,54.123401,98058.718168
3.427740,249.852109,161.774914,54.139032,98046.240987
3.437368,251.405097,162.295728,54.116804,98029.113195
3.446996,252.963068,162.816526,54.136564,98011.930450
3.456624,254.526025,163.337934,54.244007,97994.692723
3.477075,257.862592,164.444443,54.033653,97957.893968
3.497526,261.221621,165.548779,54.033574,97920.847498
3.517977,264.603094,166.653928,54.115436,97883.553482
3.528141,266.292001,167.202748,53.951342,97864.926655
3.538305,267.986444,167.750487,53.904137,97846.238774
3.548469,269.686414,168.297679,53.845197,97827.489931
3.572117,273.663069,169.573547,54.138679,97783.631701
3.595766,277.669756,170.854505,54.279943,97739.442254
3.615308,281.003496,171.912895,54.126201,97702.674685
3.634850,284.357802,172.973063,54.466315,97665.680304
3.654393,287.732745,174.038811,54.702249,97628.458310
3.673935,291.128396,175.106053,54.624449,97591.007928
3.693477,294.544704,176.166341,53.995646,97553.329728
3.713019,297.981505,177.216713,53.615017,97515.425501
3.732562,301.438665,178.262844,53.567124,97477.296748
3.752104,304.916094,179.303942,53.105417,97438.944447
3.766986,307.577865,180.095034,53.336486,97409.587979
3.781869,310.251382,180.892061,53.907384,97380.101963
3.796751,312.936719,181.693080,53.876923,97350.485583
3.811633,315.633895,182.492573,53.705515,97320.738632
3.826516,318.342873,183.288673,53.423231,97290.861510
3.841398,321.063603,184.081127,53.217455,97260.854789
3.860674,324.604992,185.105866,53.251285,97221.797073
3.879950,328.166032,186.132104,53.374100,97182.522634
3.899226,331.746726,187.157367,53.150062,97143.031424
3.910732,333.893248,187.768133,53.169984,97119.357606
3.922237,336.046760,188.380046,53.348577,97095.606683
3.933742,338.207280,188.993869,53.501269,97071.778466
3.955825,342.374035,190.176812,53.775512,97025.823641
3.977909,346.566828,191.366766,54.133325,96979.581644
3.999993,350.785786,192.561609,54.215198,96933.051068
4.022076,355.030966,193.756963,54.176154,96886.231298
4.039746,358.446571,194.709602,53.780106,96848.560847
4.057416,361.878838,195.655617,53.423842,96810.706640
4.075086,365.327676,196.598247,53.394962,96772.669668
4.094565,369.148831,197.642792,54.140533,96730.526432
4.110789,372.346906,198.522631,54.370177,96695.255109
4.127013,375.559196,199.407105,54.826387,96659.827006
4.143237,378.785788,200.299286,55.283459,96624.241160
4.159461,382.026785,201.195407,55.227338,96588.496448
4.177917,385.731240,202.211750,55.003324,96547.640293
4.196374,389.454291,203.225940,55.079044,96506.579052
4.214830,393.195934,204.242957,55.283611,96465.312743
4.233286,396.956206,205.259622,54.928905,96423.840991
4.251742,400.735027,206.267189,54.357497,96382.164666
4.270198,404.532186,207.261850,53.525766,96340.286082
4.288654,408.347442,208.243700,53.080287,96298.207909
4.307111,412.180666,209.226568,53.764093,96255.931573
4.325567,416.032008,210.224948,54.604968,96213.455409
4.344023,419.901737,211.233703,54.752252,96170.776464
4.368149,424.988116,212.552264,54.624721,96114.679169
4.392274,430.105959,213.860782,53.878106,96058.234863
4.416400,435.254969,215.156274,53.949616,96001.446822
4.435813,439.420593,216.203403,54.034406,95955.504470
4.455225,443.606416,217.250588,54.021806,95909.339342
4.474638,447.812401,218.296599,53.920331,95862.951853
4.494051,452.038529,219.342043,54.043749,95816.342200
4.513463,456.284798,220.387600,53.746064,95769.510420
4.532876,460.551173,221.427987,53.744931,95722.456897
4.552288,464.837587,222.470439,53.852435,95675.182358
4.571701,469.144104,223.514539,53.883691,95627.686108
4.591984,473.665273,224.608507,54.224485,95577.822478
4.612267,478.208498,225.706882,54.213549,95527.715595
4.632551,482.773799,226.801489,53.850809,95477.365233
4.652834,487.361071,227.890748,53.793738,95426.772555
4.673117,491.970244,228.979776,53.783292,95375.938334
4.693400,496.601310,230.067529,53.636492,95324.862653
4.713684,501.254243,231.154327,53.755534,95273.545813
4.737031,506.637293,232.409522,53.968122,95214.176556
4.760379,512.049436,233.668259,54.016328,95154.486433
4.783727,517.490668,234.921895,53.459287,95094.475506
4.807075,522.960757,236.161003,52.868847,95034.146299
4.826089,527.436610,237.164660,52.895290,94985.451051
4.830843,528.558528,237.415719,52.933976,94973.621140
4.840350,530.805916,237.918323,53.004452,94949.923878
4.849857,533.058039,238.421211,53.017707,94926.176677
4.859364,535.314900,238.924257,53.030969,94902.379519
4.873689,538.724563,239.683777,53.211007,94866.426807
4.888015,542.145023,240.445831,53.424407,94830.360238
4.902340,545.576318,241.210356,53.577045,94794.179430
4.916666,549.018472,241.975930,53.573113,94757.884122
4.934341,553.280549,242.918677,53.314225,94712.943242
4.952017,557.559089,243.854931,52.798189,94667.828777
4.955169,558.323862,244.020966,52.796769,94659.764737
4.958321,559.089153,244.186808,52.712203,94651.695232
4.961474,559.854961,244.352414,52.627585,94643.620270
4.964626,560.621287,244.517839,52.589470,94635.539857
4.970931,562.155488,244.848663,52.597766,94619.362688
4.977235,563.691755,245.179326,52.570255,94603.163738
4.983540,565.230087,245.509927,52.568399,94586.943010
5.001162,569.540712,246.435287,52.680538,94541.490220
5.018783,573.867524,247.363441,52.882857,94495.866761
5.031897,577.098031,248.053072,52.664589,94461.803128
5.045011,580.337490,248.741094,52.529293,94427.645105
5.058125,583.585882,249.427763,52.432272,94393.392888
5.073577,587.424749,250.233982,52.178235,94352.914490
5.089029,591.275900,251.033508,51.560406,94312.306573
5.100973,594.261137,251.648574,51.573369,94280.829152
5.112916,597.253654,252.263151,51.587440,94249.274974
5.124860,600.253438,252.877040,51.463031,94217.644173
5.136804,603.260483,253.490732,51.483014,94185.936809
5.153146,607.386470,254.327568,51.169361,94142.430908
5.169487,611.525955,255.158537,50.695658,94098.782691
5.185829,615.678774,255.975636,49.496412,94054.993864
5.198489,618.904978,256.596474,48.665906,94020.975612
5.200625,619.450180,256.700331,48.667959,94015.226804
5.202762,619.995602,256.804156,48.670029,94009.475682
5.204898,620.541243,256.907972,48.672090,94003.722245
5.209171,621.633184,257.115461,48.621790,93992.208428
5.213444,622.726000,257.322355,48.430519,93980.685373
5.217716,623.819691,257.528734,48.318554,93969.153101
5.230699,627.148123,258.152599,47.946532,93934.056916
5.243682,630.484545,258.772502,47.673325,93898.876481
5.256664,633.828913,259.389054,47.438765,93863.612263
5.276573,638.972718,260.328007,47.043655,93809.374131
5.296481,644.134973,261.261559,46.836667,93754.941451
5.306004,646.610809,261.704703,46.470698,93728.835342
5.312920,648.411339,262.023417,45.964119,93709.849908
5.313940,648.677203,262.070064,45.695020,93707.046545
5.314961,648.943113,262.116460,45.425860,93704.242685
5.315981,649.209071,262.162589,45.156703,93701.438332
5.318022,649.741124,262.253680,44.363918,93695.828168
5.320063,650.273362,262.344294,44.365311,93690.216068
5.322104,650.805782,262.434751,44.366714,93684.602039
5.326094,651.847693,262.611475,44.369460,93673.615753
5.330085,652.890302,262.788206,44.372207,93662.622109
5.337657,654.869850,263.121544,43.977483,93641.749042
5.345228,656.851875,263.450211,43.184769,93620.849850
5.352800,658.836347,263.774638,42.654322,93599.924861
5.364584,661.929594,264.270255,41.675048,93567.308554
5.376368,665.028547,264.754946,40.758806,93534.632071
5.388152,668.133101,265.231275,40.160054,93501.896536
5.397674,670.645659,265.612560,39.984876,93475.403220
5.407196,673.161806,265.992439,39.919761,93448.872057
5.416718,675.681515,266.369378,39.531977,93422.303344
5.427477,678.533123,266.789995,38.933882,93392.234957
5.438237,681.389173,267.204783,38.380747,93362.119741
5.439702,681.778404,267.260561,38.050737,93358.015549
5.441167,682.167715,267.315896,37.720658,93353.910509
5.442633,682.557106,267.370762,37.390560,93349.804627
5.445563,683.336125,267.479300,36.860151,93341.590373
5.448493,684.115458,267.587285,36.861226,93333.372809
5.451423,684.895103,267.695088,36.862305,93325.151947
5.456744,686.311500,267.887063,35.820265,93310.216945
5.462064,687.728890,268.073558,34.642028,93295.271476
5.467384,689.147258,268.258231,34.643532,93280.315692
5.472705,690.566598,268.442301,34.645046,93265.349666
5.478025,691.986902,268.625278,34.394114,93250.373463
5.482447,693.168114,268.773862,33.318587,93237.918343
5.486869,694.349969,268.919483,32.700779,93225.456434
5.491291,695.532461,269.064119,32.701714,93212.987810
5.495713,696.715576,269.205728,31.785989,93200.512624
5.500135,697.899291,269.341097,30.011906,93188.031102
5.503721,698.859567,269.449020,30.012387,93177.905606
5.507307,699.820226,269.556489,30.012882,93167.776071
5.510893,700.781262,269.662170,29.328421,93157.642559
5.515142,701.920619,269.782438,27.799856,93145.628768
5.519391,703.060473,269.899101,27.135425,93133.609742
5.523641,704.200814,270.014565,27.135709,93121.585568
5.528406,705.480185,270.143086,27.136063,93108.095428
5.533171,706.760159,270.270728,26.848236,93094.598915
5.537936,708.040726,270.395081,25.686028,93081.096157
5.542701,709.321869,270.516202,25.185163,93067.587319
5.557260,713.239359,270.870080,23.511991,93026.279895
5.571818,717.161671,271.194954,21.419587,92984.921629
5.586377,721.088391,271.487820,19.117485,92943.516873
5.588808,721.744411,271.533250,18.535768,92936.599561
5.591238,722.400541,271.578267,18.535682,92929.681093
5.593669,723.056779,271.623147,18.535607,92922.761483
5.598530,724.369792,271.712775,18.535478,92908.916598
5.603392,725.683239,271.803290,18.716571,92895.067141
5.605816,726.338258,271.846644,17.983361,92888.160390
5.608240,726.993375,271.888219,17.250235,92881.252592
5.613088,728.303801,271.968885,16.115685,92867.434988
5.617064,729.378820,272.033243,16.115598,92856.099604
5.621040,730.454087,272.096320,15.801994,92844.761599
5.625016,731.529591,272.155813,14.613010,92833.421099
5.628992,732.605323,272.212543,14.022349,92822.078191
5.632968,733.681278,272.268354,14.022384,92810.732940
5.636944,734.757445,272.322322,13.443749,92799.385443
5.641262,735.926561,272.376607,12.164199,92787.057857
5.645581,737.095903,272.427940,11.652203,92774.727896
5.649899,738.265463,272.478292,11.652442,92762.395641
5.655413,739.758886,272.538255,10.549463,92746.648445
5.660926,741.252622,272.593263,9.657623,92730.897957
5.666439,742.746650,272.646064,9.658265,92715.144383
5.671953,744.240961,272.698364,9.659004,92699.387830
5.678800,746.097240,272.760468,8.909947,92679.814559
5.685647,747.953917,272.817906,8.086577,92660.237088
5.692495,749.810963,272.871229,7.645290,92640.655726
5.693864,750.182414,272.881170,7.242653,92636.739013
5.695234,750.553878,272.890600,6.840651,92632.822164
5.696603,750.925354,272.899487,6.439381,92628.905186
5.699342,751.668339,272.915783,5.741770,92621.070883
5.702081,752.411367,272.931406,5.742555,92613.236130
5.704820,753.154436,272.946806,5.743372,92605.400939
5.709601,754.451475,272.972913,5.625633,92591.724489
5.714381,755.748631,272.998046,5.426679,92578.046813
5.721650,757.721353,273.036806,5.460392,92557.245716
5.728920,759.694331,273.072086,4.801843,92536.441925
5.736189,761.667551,273.105729,4.707664,92515.635582
5.743459,763.641007,273.138835,4.711700,92494.954021
5.750728,765.614690,273.170963,4.558948,92474.654750
5.757998,767.588595,273.202213,4.457774,92454.353203
5.772079,771.412919,273.261147,4.341477,92415.020152
5.782853,774.339309,273.302499,3.951952,92384.922333
5.793627,777.266110,273.340690,3.707519,92354.820281
5.804400,780.193308,273.378191,3.768773,92324.714144
5.815174,783.120888,273.415474,3.783554,92294.604081
5.825948,786.048828,273.450679,3.539919,92264.490307
5.836721,788.977092,273.481128,3.047811,92234.373208
5.848909,792.290152,273.509339,2.527779,92200.298501
5.861098,795.603469,273.526948,1.800277,92166.221141
5.862858,796.082085,273.528556,1.802472,92161.298585
5.864619,796.560705,273.530128,1.804565,92156.376004
5.866379,797.039326,273.531690,1.806553,92151.453398
5.869900,797.996575,273.534812,1.810215,92141.608119
5.873421,798.953833,273.537833,1.791805,92131.762751
5.876943,799.911098,273.540000,1.647651,92121.917314
5.881997,801.285171,273.541435,1.564140,92107.785022
5.887051,802.659246,273.542229,1.565960,92093.652707
5.892105,804.033319,273.542464,1.560424,92079.520406
5.896298,805.173210,273.541888,1.561552,92067.796668
5.900491,806.313095,273.541319,1.560105,92056.072983
5.901158,806.494586,273.541229,1.559858,92054.206353
5.901826,806.676077,273.541139,1.559594,92052.339724
5.902093,806.748674,273.541103,1.559486,92051.593073
5.902360,806.821270,273.541067,1.559375,92050.846422
5.902894,806.966463,273.540995,1.559147,92049.353121
5.903001,806.995501,273.539157,17.241519,92049.054462
5.903107,807.024203,273.537340,17.241397,92048.759259
5.903212,807.052906,273.535523,17.241275,92048.464057
5.904268,807.339919,273.517355,17.240055,92045.512140
5.905324,807.626912,273.499188,17.238832,92042.560420
5.906380,807.913887,273.481022,17.237605,92039.608898
5.916937,810.782575,273.299435,17.225146,92010.104526
5.927495,813.649347,273.117973,17.212360,91980.619876
5.938053,816.514202,272.936638,17.199282,91951.154934
5.958561,822.073526,272.584777,17.173218,91893.977470
5.979069,827.625638,272.233411,17.146565,91836.874180
5.999577,833.170550,271.882548,17.119702,91779.844940
6.029468,841.239789,271.372046,17.080851,91696.853080
6.059360,849.293797,270.862619,17.043251,91614.017875
6.089252,857.332608,270.354252,17.007425,91531.338961
6.119143,865.356258,269.846922,16.973569,91448.815987
6.140917,871.191276,269.478009,16.950102,91388.803011
6.162691,877.018278,269.109616,16.927540,91328.872489
6.184464,882.837273,268.741729,16.905760,91269.024316
6.206238,888.648271,268.374338,16.884627,91209.258394
6.248655,899.945889,267.659998,16.844738,91093.062757
6.291073,911.213255,266.947449,16.805437,90977.178268
6.333491,922.450431,266.236675,16.765310,90861.604275
6.375908,933.657486,265.527693,16.723154,90746.340085
6.418326,944.834493,264.820544,16.678517,90631.384936
6.460743,955.981533,264.115272,16.631858,90516.737989
6.503161,967.098694,263.411904,16.584626,90402.398350
6.545579,978.186065,262.710438,16.538072,90288.365104
6.575862,986.083548,262.210792,16.505732,90207.139751
6.606145,993.965922,261.712096,16.474380,90126.069791
6.636429,1001.833217,261.214334,16.444071,90045.154922
6.666712,1009.685460,260.717487,16.415034,89965.607706
6.706316,1019.931669,260.069075,16.378974,89863.815499
6.745919,1030.152235,259.422141,16.344259,89762.278043
6.785523,1040.347210,258.776647,16.309895,89660.994827
6.825126,1050.516644,258.132573,16.275343,89559.965346
6.834506,1052.921312,257.980245,16.267085,89536.075887
6.843885,1055.324550,257.827996,16.258789,89512.200624
6.853264,1057.726360,257.675827,16.250452,89488.339549
6.880939,1064.805006,257.227285,16.225596,89418.015883
6.908614,1071.871242,256.779434,16.200344,89347.815502
6.936289,1078.925088,256.332278,16.174713,89277.738213
6.976504,1089.153153,255.683748,16.136903,89176.126256
7.016720,1099.355162,255.036702,16.098727,89074.773165
7.056935,1109.531175,254.391145,16.060634,88973.678326
7.097150,1119.681256,253.747077,16.023081,88872.841113
7.124876,1126.663965,253.303898,15.997702,88803.470539
7.152601,1133.634398,252.861418,15.972804,88734.221932
7.180327,1140.592573,252.419629,15.948397,88665.095100
7.223199,1151.327892,251.737840,15.911523,88558.443766
7.266071,1162.034015,251.057663,15.875447,88452.082482
7.308943,1172.711006,250.379076,15.839798,88346.010625
7.351815,1183.358926,249.702063,15.804217,88240.227565
7.397034,1194.558242,248.989686,15.766459,88128.966603
7.442252,1205.725365,248.279043,15.728286,88018.025462
7.487471,1216.860373,247.570131,15.689675,87907.403373
7.532690,1227.963345,246.862954,15.650775,87797.099547
7.565075,1235.895459,246.357551,15.622894,87718.297001
7.597459,1243.811212,245.853037,15.595123,87639.656993
7.629844,1251.710633,245.349407,15.567580,87561.179231
7.662844,1259.743170,244.837128,15.539834,87481.379025
7.695843,1267.758809,244.325757,15.512467,87401.746680
7.728842,1275.757582,243.815289,15.485497,87322.281898
7.773217,1286.487046,243.130271,15.449819,87215.688734
7.817591,1297.186136,242.446855,15.414694,87109.397329
7.861965,1307.854917,241.765026,15.379931,87003.407029
7.906340,1318.493456,241.084771,15.345329,86897.717167
7.961083,1331.576156,240.247726,15.302616,86767.745497
8.015825,1344.613060,239.413050,15.259724,86638.228793
8.070568,1357.604296,238.580733,15.216659,86509.165785
8.125310,1370.549992,237.750766,15.173596,86380.555188
8.158618,1378.404363,237.246931,15.147502,86302.524994
8.191925,1386.241952,236.743959,15.121560,86224.661512
8.225232,1394.062789,236.241845,15.095824,86146.964457
8.262632,1402.824730,235.679048,15.067211,86059.917884
8.300032,1411.565626,235.117321,15.038922,85973.080397
8.337432,1420.285515,234.556656,15.010952,85886.451604
8.400301,1434.896268,233.616563,14.964559,85741.299295
8.463170,1449.447959,232.679420,14.918712,85596.733756
8.526039,1463.940762,231.745201,14.873142,85452.753251
8.588908,1478.374854,230.813883,14.827662,85309.356009
8.619248,1485.319666,230.365470,14.805721,85240.361929
8.649588,1492.250867,229.917726,14.783789,85171.503074
8.679928,1499.168476,229.470650,14.761881,85102.779244
8.735298,1511.758143,228.656446,26.030536,84978.669207
8.735447,1511.791820,228.652585,26.029943,84978.349100
8.735595,1511.825496,228.648725,26.029349,84978.028999
8.735744,1511.859172,228.644865,26.028756,84977.708903
8.735892,1511.892847,228.641004,26.028163,84977.388812
8.736040,1511.926522,228.637144,26.027570,84977.068727
8.736337,1511.993870,228.629424,26.026384,84976.428567
8.736634,1512.061216,228.621704,26.025198,84975.788429
8.736931,1512.128559,228.613985,26.024012,84975.148312
8.739898,1512.801868,228.536809,26.012162,84968.748341
8.742866,1513.474948,228.459669,26.000329,84962.350538
8.745834,1514.147801,228.382563,25.988512,84955.954903
8.775510,1520.863806,227.613432,25.871211,84892.117557
8.805186,1527.557120,226.847763,25.755406,84828.495889
8.834863,1534.227846,226.085514,25.640976,84765.088939
8.864539,1540.876082,225.326647,25.527807,84701.895754
8.891601,1546.919045,224.637557,25.425620,84644.455846
8.932043,1555.915339,223.612877,25.274558,84558.943771
8.963086,1562.792910,222.830468,25.159847,84493.570695
8.994129,1569.646333,222.051609,25.046147,84428.427159
9.017176,1574.718996,221.475638,24.962356,84380.210202
9.040224,1579.778450,220.901595,24.879075,84332.118793
9.063271,1584.824741,220.329470,24.796285,84284.152507
9.099647,1592.762570,219.430369,24.666578,84208.701416
9.136022,1600.667877,218.535978,24.537984,84133.559449
9.172398,1608.540846,217.646256,24.410440,84058.724870
9.208774,1616.381644,216.761163,24.283898,83984.196073
9.256916,1626.709534,215.596824,24.117915,83886.026842
9.305058,1636.981746,214.440446,23.953626,83788.386841
9.353200,1647.198654,213.291947,23.791073,83691.272519
9.401342,1657.360631,212.151241,23.630312,83594.680330
9.449484,1667.468048,211.018242,23.471390,83498.606742
9.507119,1679.497153,209.671855,23.283587,83384.267026
9.564753,1691.449208,208.336233,23.098488,83270.659689
9.610625,1700.907331,207.280786,22.953122,83180.757805
9.656497,1710.317335,206.231982,22.809514,83091.313310
9.702369,1719.679520,205.189741,22.667668,83002.323351
9.748241,1728.994181,204.153983,22.527511,82913.785111
9.794113,1738.261613,203.124634,22.388950,82825.695807
9.839985,1747.482103,202.101623,22.251894,82738.052690
9.914454,1762.351605,200.454171,22.032371,82596.714271
9.988924,1777.099356,198.822977,21.816255,82456.533120
10.046489,1788.416807,197.573036,21.651367,82348.957861
10.104055,1799.662760,196.332555,21.488257,82242.062194
10.161620,1810.837755,195.101435,21.326825,82135.841017
10.219186,1821.942320,193.879585,21.166968,82030.289280
10.276751,1832.976984,192.666917,21.008592,81925.401982
10.334317,1843.942266,191.463352,20.851613,81821.174170
10.405085,1857.328048,189.996116,20.660452,81693.938890
10.475852,1870.610706,188.542384,20.471220,81567.683829
10.546620,1883.791181,187.102023,20.283876,81442.400044
10.617388,1896.870404,185.674897,20.098429,81318.078681
10.688156,1909.849298,184.260870,19.914954,81194.710975
10.758923,1922.728775,182.859797,19.733595,81072.288256
10.829691,1935.509736,181.471519,19.554561,80950.801952
10.900459,1948.193072,180.095862,19.378122,80830.243600
10.971226,1960.779660,178.732634,19.204584,80710.604861
11.041994,1973.270363,177.381620,19.034278,80591.877532
11.112762,1985.666029,176.042583,18.867535,80474.053564
11.183530,1997.967485,174.715261,18.704667,80357.125077
11.254297,2010.175542,173.399373,18.545943,80241.084373
11.325065,2022.290989,172.094617,18.391562,80125.923950
11.395833,2034.314594,170.800683,18.241647,80011.636510
11.466601,2046.247102,169.517251,18.096237,79905.212678
11.537368,2058.089236,168.244004,17.955268,79800.388823
11.608136,2069.841698,166.980632,17.818567,79696.358730
11.678904,2081.505166,165.726838,17.685902,79593.116385
11.749672,2093.080302,164.482347,17.557003,79490.655943
11.853544,2109.911537,162.672009,17.374020,79341.669709
11.934811,2122.949451,161.268760,17.235483,79226.261092
12.016078,2135.873832,159.876693,17.100521,79111.857437
12.097346,2148.685567,158.495537,16.968708,78998.450901
12.178613,2161.385520,157.125054,16.839664,78886.033828
12.259880,2173.974539,155.765033,16.713077,78774.598723
12.341147,2186.453454,154.415285,16.588704,78664.138236
12.422415,2198.823080,153.075640,16.466358,78554.645140
12.503682,2211.084222,151.745939,16.345888,78446.112331
12.584949,2223.237668,150.426035,16.227180,78338.532814
12.683858,2237.885209,148.832623,16.084986,78208.876146
12.782766,2252.375758,147.253274,15.945247,78080.609133
12.881675,2266.710674,145.687747,15.807960,77953.719747
12.980584,2280.891292,144.135805,15.673143,77828.196171
13.079493,2294.918922,142.597208,15.540811,77704.026802
13.178401,2308.794853,141.071716,15.410973,77581.200254
13.277310,2322.520344,139.559085,15.283628,77459.705356
13.376219,2336.096634,138.059070,15.158771,77339.531152
13.500937,2353.004724,136.185246,15.004878,77189.864620
13.625655,2369.679894,134.330608,14.854903,77042.259839
13.750373,2386.124464,132.494681,14.708664,76896.696284
13.875091,2402.340694,130.677020,14.565964,76753.153941
13.999809,2418.330790,128.877202,14.426629,76611.613281
14.153721,2437.755322,126.680088,14.259084,76439.671779
14.268343,2452.002045,125.060675,14.137319,76313.563054
14.382966,2466.063360,123.455324,14.018010,76189.095523
14.497589,2479.940825,121.863764,13.901063,76066.255394
14.612211,2493.635965,120.285736,13.786408,75945.029152
14.726834,2507.150279,118.720986,13.673991,75825.403545
14.872294,2524.042359,116.753997,13.534515,75675.878735
14.992262,2537.758908,115.147151,13.422157,75554.462990
15.112231,2551.282578,113.553962,13.312240,75434.754572
15.232200,2564.614941,111.974146,13.204807,75316.739552
15.352169,2577.757535,110.407413,13.099915,75200.404321
15.541111,2598.074969,107.965728,12.940023,75020.559065
15.681514,2612.873822,106.171143,12.825541,74889.563014
15.821918,2627.420185,104.392906,12.714842,74760.801945
15.962321,2641.716226,102.630504,12.607954,74634.256672
16.102724,2655.764039,100.883425,12.504840,74509.908656
16.299941,2675.080812,98.454331,12.366168,74338.921013
16.460681,2690.469229,96.495233,12.258159,74202.706278
16.621420,2705.541296,94.554036,12.154292,74069.291808
16.782160,2720.299679,92.630147,12.054209,73938.653988
16.942900,2734.746950,90.723032,11.957575,73810.770057
17.149456,2752.859386,88.296196,11.838007,73650.442932
17.356012,2770.467239,85.895364,11.723192,73494.582259
17.562569,2787.575389,83.519717,11.612794,73343.144841
17.769125,2804.188524,81.168510,11.506592,73196.089188
17.975681,2820.311148,78.841052,11.404432,73053.375415
18.182237,2835.947598,76.536697,11.306209,72914.965155
18.388793,2851.102040,74.254838,11.211838,72780.821513
18.595350,2865.778480,71.994909,11.121241,72650.909035
18.801906,2879.980764,69.756381,11.034337,72525.193678
19.008462,2893.712581,67.538773,10.951038,72403.642783
19.294466,2911.955868,64.501960,10.841463,72242.157396
19.525770,2926.061408,62.074032,10.757527,72117.298392
19.757074,2939.591738,59.670801,10.677584,71997.531011
19.988378,2952.551111,57.292017,10.601471,71882.817615
20.219682,2964.943577,54.937567,10.529039,71773.122351
20.450986,2976.772993,52.607497,10.460150,71668.411079
20.682290,2988.043028,50.302032,10.394674,71568.651318
20.913594,2998.757170,48.021608,10.332485,71473.812191
21.164884,3009.770965,45.573320,10.268497,71376.320609
21.416175,3020.136615,43.156681,10.208070,71284.566253
21.667465,3029.857890,40.773499,10.151036,71198.515754
21.918756,3038.938365,38.426235,10.097213,71118.137480
22.170046,3047.381430,36.118177,10.046403,71043.401400
22.486453,3057.110684,33.274659,9.986380,70957.280279
22.802859,3065.840463,30.512208,9.930338,70880.006281
23.119265,3073.576364,27.847590,9.877789,70811.529861
23.382192,3079.252405,25.724451,9.836405,70761.286848
23.645118,3084.248633,23.703401,9.796736,70717.061383
23.908045,3088.567790,21.808747,9.758389,70678.829202
24.170971,3092.212524,20.072198,9.720875,70646.566847
24.388762,3094.722732,18.782007,9.689977,70624.347068
24.606553,3096.773434,17.655309,9.658740,70606.194724
24.824344,3098.366111,16.722770,9.626582,70592.096714
25.042135,3099.502285,16.015860,9.592856,70582.039560
25.259925,3100.183551,15.562796,9.556965,70576.009146
25.438236,3100.403814,15.395101,9.525748,70574.059432
25.478751,3100.411606,15.383211,9.501489,70573.990458
25.480000,3100.411598,15.382999,9.501018,70573.990529
25.486571,3100.411106,15.382040,9.499101,70573.994887
25.493142,3100.410203,15.381624,9.498022,70574.002875
25.506285,3100.407578,15.381558,9.495854,70574.026110
25.519427,3100.403313,15.382514,9.493679,70574.063861
25.532569,3100.397409,15.384492,9.491497,70574.116126
25.663992,3100.248268,15.460207,9.469373,70575.436284
25.795416,3099.935587,15.635984,9.447055,70578.204066
25.926839,3099.459745,15.908140,9.425231,70582.416109
26.058262,3098.821115,16.271555,9.404844,70588.069117
26.229756,3097.743532,16.872805,9.382442,70597.607632
26.401250,3096.389995,17.604180,9.367879,70609.588838
26.480000,3095.676123,17.979510,9.364845,70615.907868
26.503877,3095.446511,18.004517,8.497824,70617.940338
26.527755,3095.212566,18.031581,8.455512,70620.011170
26.575510,3094.736051,18.091898,8.371099,70624.229164
26.623265,3094.242380,18.159885,8.287179,70628.599028
26.671020,3093.731731,18.235134,8.203675,70633.119177
26.954509,3090.360312,18.810026,7.713211,70662.962205
27.237998,3086.435326,19.548604,7.226047,70697.705282
27.521487,3081.995425,20.384761,6.739660,70737.006262
27.804976,3077.080205,21.266195,6.256020,70780.514665
28.218401,3069.142056,22.554663,5.564820,70850.781341
28.631825,3060.398482,23.776971,4.904834,70928.177449
29.045249,3050.965185,24.888928,4.290063,71011.678825
29.458673,3040.949099,25.871191,3.729997,71100.338921
29.980946,3027.610416,26.922317,3.107320,71218.409881
30.503219,3013.661626,27.774831,2.578999,71341.881369
31.025492,2999.241081,28.453261,2.138056,71469.528725
31.547765,2984.460193,28.985237,1.773997,71600.365752
32.218960,2965.076820,29.496820,1.400426,71771.942923
32.890156,2945.382421,29.858910,1.111847,71946.273218
33.561352,2925.477200,30.110431,0.888820,72122.469662
34.232548,2905.434052,30.282327,0.715817,72299.887010
34.903743,2885.302082,30.396641,0.581178,72478.090584
35.613127,2863.965573,30.472633,0.470909,72666.956471
36.322512,2842.595425,30.516164,0.386020,72856.120109
37.031896,2821.210081,30.536926,0.320815,73045.418267
37.741280,2799.821721,30.541650,0.271000,73234.743123
38.450664,2778.438523,30.535106,0.233265,73424.022286
39.299648,2752.861454,30.517009,0.200359,73650.424624
40.148631,2727.305280,30.491397,0.177452,73876.642016
40.997615,2701.773599,30.460882,0.161745,74102.642591
41.846599,2676.268345,30.427063,0.151081,74328.409250
42.704052,2650.536695,30.390711,0.143801,74556.179910
43.561506,2624.834007,30.352983,0.138869,74783.694205
44.418959,2599.160656,30.314425,0.135488,75010.948816
45.276413,2573.516804,30.275408,0.133127,75237.942301
46.814324,2527.596556,30.205073,0.130442,75644.417802
48.352235,2481.771210,30.135121,0.128849,76050.053239
49.890146,2436.040084,30.065984,0.127810,76454.854676
51.428057,2390.402442,29.997924,0.127063,76858.828608
53.176423,2338.632254,29.922206,0.126413,77317.086428
54.924789,2286.981091,29.848394,0.125899,77774.290660
56.673154,2235.447829,29.776552,0.125456,78230.451268
58.362829,2185.755464,29.709007,0.125059,78670.316679
60.052504,2136.171204,29.643325,0.124678,79109.225169
61.742179,2086.694134,29.579527,0.124312,79547.184830
63.729720,2028.630883,29.506748,0.125036,80065.661636
64.226605,2014.137903,29.488840,0.127779,80203.421114
64.723490,1999.654000,29.470939,0.130136,80341.094315
65.220375,1985.179148,29.453076,0.132145,80478.681484
65.973132,1963.267641,29.426150,0.134634,80686.955962
66.725889,1941.376773,29.399456,0.136560,80895.034269
67.478646,1919.506459,29.373054,0.138038,81102.917193
69.117197,1871.971299,29.316783,0.140085,81554.751041
70.755749,1824.532283,29.262423,0.141188,82005.671024
72.394300,1777.188604,29.210112,0.141709,82455.684799
74.032852,1729.939460,29.159913,0.141845,82904.799995
75.603920,1684.724265,29.113817,0.141787,83334.581991
77.174989,1639.594623,29.069737,0.141619,83763.550775
78.746057,1594.549878,29.027677,0.141389,84191.712597
79.983344,1559.134473,28.995969,0.141184,84528.345077
81.220631,1523.771006,28.965505,0.140966,84864.483877
81.925855,1503.637871,28.948568,0.150861,85058.377496
82.479433,1487.846003,28.935214,0.177074,85215.263728
83.033010,1472.064917,28.921788,0.199080,85372.042840
83.586587,1456.294879,28.908594,0.217417,85528.712198
84.308825,1435.737032,28.892124,0.236647,85732.946632
85.031062,1415.198542,28.876882,0.251776,85936.988749
85.753299,1394.679401,28.863077,0.263594,86140.838649
86.475536,1374.179560,28.850862,0.272790,86344.496811
87.875827,1334.488781,28.832133,0.285128,86738.809675
89.276118,1294.869790,28.820238,0.292654,87132.409354
90.676409,1255.321719,28.815188,0.297124,87525.304460
92.076700,1215.843834,28.816932,0.299657,87917.502303
93.694188,1170.329297,28.827419,0.301143,88369.671999
95.311677,1124.906908,28.846881,0.301742,88820.926238
96.929165,1079.575689,28.875089,0.301808,89271.274738
98.546653,1034.334782,28.911860,0.301561,89720.726025
98.963709,1022.684361,28.922732,0.301467,89836.468545
99.380765,1011.039902,28.934176,0.301364,89952.151833
99.797821,999.401427,28.946220,0.308394,90070.165800
100.402164,982.547388,28.964975,0.324033,90243.509036
101.006507,965.706682,28.985553,0.336654,90416.715148
101.610850,948.879724,29.008192,0.346817,90589.779869
102.310952,929.404067,29.037169,0.356142,90790.086365
103.011053,909.947367,29.069165,0.363366,90990.197889
103.711154,890.509672,29.104183,0.368943,91190.113942
104.962569,855.812468,29.174214,0.375773,91546.973549
106.213985,821.175564,29.253399,0.380039,91903.212979
107.465400,786.598388,29.341354,0.382582,92258.838106
108.126028,768.368798,29.391181,0.383424,92446.328838
108.515569,757.627377,29.420066,0.367186,92558.236639
108.905110,746.891676,29.445183,0.339542,92671.437735
109.294650,736.161725,29.465392,0.318258,92784.578205
109.728270,724.224441,29.482786,0.300783,92910.449231
110.161890,712.294430,29.495482,0.288569,93036.243564
110.595510,700.371786,29.504140,0.280409,93161.960228
111.327819,680.253411,29.511061,0.273059,93374.095620
112.060129,660.156632,29.510757,0.270606,93586.003305
112.792438,640.081659,29.505108,0.270687,93797.681057
113.524748,620.028608,29.495656,0.271899,94009.127655
114.630502,589.791029,29.476819,0.274296,94327.963578
115.736256,559.603495,29.455228,0.276465,94646.271820
116.842011,529.465781,29.432922,0.278087,94964.054739
117.118449,521.939113,29.425907,0.265210,95045.413934
117.394888,514.415602,29.413902,0.252504,95128.390171
117.671327,506.895358,29.395639,0.252897,95211.330373
117.947765,499.378509,29.371946,0.262999,95294.233141
118.500642,484.355438,29.310289,0.299084,95459.921456
119.053520,469.347189,29.232776,0.341750,95625.446301
119.606397,454.354381,29.142796,0.382657,95790.800846
119.770000,449.920851,29.114221,-3.313984,95839.697916
119.821041,448.538040,29.105106,0.397341,95854.948838
119.872081,447.155365,29.095919,0.400698,95870.198256
120.262113,436.593526,29.023887,0.425181,95986.683975
120.652146,426.039719,28.948505,0.447079,96103.081115
120.770000,422.852305,28.925168,0.453192,96138.234865
120.772137,422.794822,28.793924,64.637145,96138.868850
120.774273,422.737629,28.664189,63.923644,96139.499621
120.778546,422.623821,28.407744,62.522952,96140.754804
120.782820,422.511153,28.157127,61.166527,96141.997409
120.787093,422.399601,27.912153,59.852525,96143.227710
120.809652,421.828314,26.706003,53.554340,96149.528392
120.832210,421.284245,25.629252,48.172778,96155.528887
120.854769,420.764680,24.663384,43.539059,96161.259127
120.877328,420.267263,23.793109,39.521026,96166.745106
120.911571,419.550000,22.626757,34.369996,96174.655741
120.945813,418.873071,21.616617,30.125983,96182.121540
120.980056,418.231504,20.735441,26.588942,96189.197337
121.014299,417.621110,19.961599,23.610135,96195.929319
121.048541,417.038395,19.278057,21.078456,96202.356043
121.106532,416.106536,18.289191,17.582174,96212.633443
121.164523,415.233924,17.470329,14.837072,96222.257422
121.222514,414.411185,16.784091,12.642557,96231.331345
121.280505,413.630969,16.203508,10.862507,96239.936292
121.338496,412.887274,15.708096,9.400080,96248.138440
121.396487,412.175154,15.282108,8.185049,96255.992360
121.490737,411.074870,14.707526,6.610251,96268.127310
121.584987,410.033306,14.245944,5.400726,96279.614640
121.679236,409.039651,13.870146,4.454809,96290.573593
121.773486,408.085469,13.560659,3.703964,96301.097195
121.867735,407.164046,13.303185,3.100471,96311.259499
121.961985,406.269992,13.087059,2.610342,96321.119945
122.120237,404.818681,12.795788,1.977241,96337.126344
122.278489,403.416391,12.571356,1.515539,96352.592096
122.436741,402.051411,12.395387,1.174136,96367.646365
122.594994,400.715055,12.255233,0.919385,96382.384935
122.753246,399.400743,12.141897,0.728241,96396.880377
122.911498,398.103510,12.048916,0.584648,96411.187464
123.159299,396.097754,11.933292,0.428844,96433.308798
123.407100,394.114171,11.843405,0.331311,96455.185581
123.654901,392.145804,11.771132,0.272023,96476.894549
123.902702,390.187857,11.710967,0.236825,96498.488598
124.150503,388.237042,11.659160,0.216012,96520.004000
124.500543,385.489476,11.595617,0.199832,96550.306692
124.850583,382.747945,11.539342,0.191165,96580.542834
125.200623,380.010054,11.487516,0.185934,96610.738820
125.550663,377.274593,11.438639,0.182485,96640.908017
125.926351,374.340487,11.388292,0.179889,96673.268050
126.302039,371.407742,11.339472,0.178036,96705.613079
126.677728,368.475973,11.291645,0.176675,96737.947334
127.052945,365.548655,11.244563,0.175660,96770.232504
127.428163,362.622030,11.198007,0.174896,96802.510036
127.803380,359.696053,11.151879,0.174317,96834.780406
128.177261,356.781117,11.106275,0.173878,96866.929016
128.551142,353.866780,11.060982,0.173541,96899.071024
128.925022,350.953032,11.015970,0.173280,96931.206534
129.516654,346.343485,10.945273,0.172976,96982.044878
130.108286,341.735391,10.875189,0.172765,97032.867202
130.699919,337.128741,10.805689,0.172612,97083.673592
131.564366,330.400451,10.705172,0.172448,97157.879394
132.428813,323.675237,10.605881,0.172328,97232.051275
133.293260,316.953095,10.507831,0.172227,97306.189275
134.466608,307.833777,10.376771,0.172105,97406.765543
135.639955,298.720094,10.248112,0.171993,97507.279667
136.813303,289.612029,10.121928,0.171884,97607.731823
138.252926,278.444662,9.970616,0.171752,97730.895875
139.692550,267.285709,9.823325,0.171621,97853.967125
141.132173,256.135150,9.680229,0.171492,97976.945799
142.083606,248.770445,9.588036,0.171407,98058.170579
144.666073,228.798784,9.347773,0.171174,98278.436523
147.248540,208.853829,9.122981,0.170944,98498.407922
149.831006,188.935448,8.914740,0.170715,98718.086242
153.981088,156.981524,8.617498,0.170351,99070.503665
158.131170,125.095310,8.370256,0.169989,99422.174313
162.281252,93.276192,8.177154,0.169631,99773.104962
164.882865,73.363281,8.085312,0.169408,99992.722956
164.971602,72.684539,8.082592,0.169092,100000.000000
165.060340,72.005824,8.080045,0.158067,100000.000000
165.149077,71.327133,8.077702,0.147688,100000.000000
165.326552,69.969800,8.073592,0.128863,100000.000000
165.504027,68.612515,8.070145,0.112397,100000.000000
165.681502,67.255260,8.067248,0.098023,100000.000000
166.039768,64.515436,8.062740,0.074485,100000.000000
166.398034,61.775612,8.059510,0.056744,100000.000000
166.756301,59.035753,8.057118,0.043259,100000.000000
167.114567,56.295862,8.055316,0.032969,100000.000000
167.576695,52.761642,8.053641,0.023277,100000.000000
168.038823,49.227397,8.052470,0.016464,100000.000000
168.500951,45.693139,8.051648,0.011657,100000.000000
168.963078,42.158871,8.051068,0.008255,100000.000000
169.656210,36.857919,8.050511,0.004971,100000.000000
170.349342,31.556958,8.050184,0.003023,100000.000000
171.042474,26.255991,8.049989,0.001846,100000.000000
171.735605,20.955019,8.049871,0.001125,100000.000000
172.796417,12.842076,8.049784,0.000564,100000.000000
173.857228,4.729123,8.049749,0.000303,100000.000000
174.475585,-0.000000,8.049740,0.000000,100000.000000
